{
  "version": 2,
  "builds": [
    {
      "src": "next.config.js",
      "use": "@vercel/next"
    }
  ],
  "rewrites": [
    {
      "source": "/api/:path*",
      "destination": "/api/:path*"
    }
  ],
  "headers": [
    {
      "source": "/api/:path*",
      "headers": [
        { "key": "Access-Control-Allow-Origin", "value": "*" },
        { "key": "Access-Control-Allow-Methods", "value": "GET,POST,OPTIONS" },
        { "key": "Access-Control-Allow-Headers", "value": "Content-Type, Authorization" }
      ]
    }
  ]
}
